,Unnamed: 0,algorithm,auc,average_rule_width,dataset_name,fraction_classes,fraction_overlap,fraction_uncovered,rule_cutoff,ruleset_length
0,0,SLS,0.6531475468975471,3.0,glass,0.5,0.037267080745341616,0.8260869565217391,40,7
1,1,SLS,0.6276605339105339,2.8125,glass,0.6666666666666666,0.015579710144927528,0.5217391304347826,40,16
2,2,SLS,0.6552308802308803,2.75,glass,0.5,0.0248447204968944,0.8260869565217391,40,8
3,3,SLS,0.6624477861319966,2.769230769230769,glass,0.5,0.06410256410256407,0.8181818181818181,40,13
4,4,SLS,0.6484126984126984,2.9285714285714284,glass,0.5,0.00949050949050949,0.8181818181818181,40,14
5,5,SLS,0.6800099206349207,2.9375,glass,0.5,0.052272727272727235,0.8181818181818181,40,16
6,6,SLS,0.6572055137844611,2.8,glass,0.5,0.05079365079365082,0.8571428571428572,40,10
7,7,SLS,0.6387877688187286,3.0,glass,0.6666666666666666,0.006666666666666668,0.85,40,10
8,8,SLS,0.5946257045328253,2.8666666666666667,glass,0.5,0.060952380952380876,0.8,40,15
9,9,SLS,0.6512843773873186,3.0,glass,0.6,0.014652014652014655,0.8333333333333334,40,14
10,10,DLS,0.6234848484848485,2.0,glass,0.3333333333333333,0.0,0.8260869565217391,40,1
11,11,DLS,0.6005321067821067,3.0,glass,0.3333333333333333,0.0,0.9130434782608696,40,1
12,12,DLS,0.5502660533910534,2.0,glass,0.3333333333333333,0.0,0.9565217391304348,40,1
13,13,DLS,0.6027777777777777,3.0,glass,0.3333333333333333,0.0,0.9090909090909092,40,1
14,14,DLS,0.6559314954051797,2.0,glass,0.3333333333333333,0.0,0.8181818181818181,40,1
15,15,DLS,0.6027777777777777,3.0,glass,0.3333333333333333,0.0,0.9090909090909092,40,1
16,16,DLS,0.6572055137844611,2.0,glass,0.3333333333333333,0.0,0.8571428571428572,40,1
17,17,DLS,0.6075123706702653,3.0,glass,0.3333333333333333,0.0,0.9,40,1
18,18,DLS,0.6612685560053981,2.0,glass,0.3333333333333333,0.0,0.85,40,1
19,19,DLS,0.579946524064171,3.0,glass,0.4,0.0,0.9444444444444444,40,1
20,20,DUSM,0.5,0.0,glass,0.16666666666666666,0.0,1.0,40,0
21,21,DUSM,0.5,0.0,glass,0.16666666666666666,0.0,1.0,40,0
22,22,DUSM,0.5,0.0,glass,0.16666666666666666,0.0,1.0,40,0
23,23,DUSM,0.5,0.0,glass,0.16666666666666666,0.0,1.0,40,0
24,24,DUSM,0.5,0.0,glass,0.16666666666666666,0.0,1.0,40,0
25,25,DUSM,0.5,0.0,glass,0.16666666666666666,0.0,1.0,40,0
26,26,DUSM,0.5,0.0,glass,0.16666666666666666,0.0,1.0,40,0
27,27,DUSM,0.5,0.0,glass,0.16666666666666666,0.0,1.0,40,0
28,28,DUSM,0.5,0.0,glass,0.16666666666666666,0.0,1.0,40,0
29,29,DUSM,0.5,0.0,glass,0.2,0.0,1.0,40,0
30,30,RUSM,0.5,0.0,glass,0.16666666666666666,0.0,1.0,40,0
31,31,RUSM,0.5,0.0,glass,0.16666666666666666,0.0,1.0,40,0
32,32,RUSM,0.5,0.0,glass,0.16666666666666666,0.0,1.0,40,0
33,33,RUSM,0.5,0.0,glass,0.16666666666666666,0.0,1.0,40,0
34,34,RUSM,0.5,0.0,glass,0.16666666666666666,0.0,1.0,40,0
35,35,RUSM,0.5,0.0,glass,0.16666666666666666,0.0,1.0,40,0
36,36,RUSM,0.5,0.0,glass,0.16666666666666666,0.0,1.0,40,0
37,37,RUSM,0.5,0.0,glass,0.16666666666666666,0.0,1.0,40,0
38,38,RUSM,0.5,0.0,glass,0.16666666666666666,0.0,1.0,40,0
39,39,RUSM,0.5,0.0,glass,0.2,0.0,1.0,40,0
40,40,SLS,0.5,2.9473684210526314,balance-scale,0.6666666666666666,0.0,1.0,40,19
41,41,SLS,0.5,3.0,balance-scale,0.6666666666666666,0.0,1.0,40,17
42,42,SLS,0.5,2.9411764705882355,balance-scale,0.6666666666666666,0.0,1.0,40,17
43,43,SLS,0.5,3.0,balance-scale,0.6666666666666666,0.0,1.0,40,9
44,44,SLS,0.5,2.933333333333333,balance-scale,0.6666666666666666,0.0,1.0,40,15
45,45,SLS,0.5,3.0,balance-scale,0.6666666666666666,0.0,1.0,40,14
46,46,SLS,0.5,3.0,balance-scale,0.6666666666666666,0.0,1.0,40,12
47,47,SLS,0.5,3.0,balance-scale,0.6666666666666666,0.0,1.0,40,13
48,48,SLS,0.5,3.0,balance-scale,0.6666666666666666,0.0,1.0,40,11
49,49,SLS,0.5,3.0,balance-scale,0.6666666666666666,0.0,1.0,40,10
50,50,DLS,0.5,2.0,balance-scale,0.3333333333333333,0.0,1.0,40,1
51,51,DLS,0.5,2.0,balance-scale,0.3333333333333333,0.0,1.0,40,1
52,52,DLS,0.5,2.0,balance-scale,0.3333333333333333,0.0,1.0,40,1
53,53,DLS,0.5,3.0,balance-scale,0.3333333333333333,0.0,1.0,40,1
54,54,DLS,0.5,2.0,balance-scale,0.6666666666666666,0.0,1.0,40,1
55,55,DLS,0.5,2.0,balance-scale,0.3333333333333333,0.0,1.0,40,1
56,56,DLS,0.5,3.0,balance-scale,0.6666666666666666,0.0,1.0,40,1
57,57,DLS,0.5,3.0,balance-scale,0.6666666666666666,0.0,1.0,40,1
58,58,DLS,0.5,2.0,balance-scale,0.3333333333333333,0.0,1.0,40,1
59,59,DLS,0.5,2.0,balance-scale,0.3333333333333333,0.0,1.0,40,1
60,60,DUSM,0.5,0.0,balance-scale,0.3333333333333333,0.0,1.0,40,0
61,61,DUSM,0.5,0.0,balance-scale,0.3333333333333333,0.0,1.0,40,0
62,62,DUSM,0.5,0.0,balance-scale,0.3333333333333333,0.0,1.0,40,0
63,63,DUSM,0.5,0.0,balance-scale,0.3333333333333333,0.0,1.0,40,0
64,64,DUSM,0.5,0.0,balance-scale,0.3333333333333333,0.0,1.0,40,0
65,65,DUSM,0.5,0.0,balance-scale,0.3333333333333333,0.0,1.0,40,0
66,66,DUSM,0.5,0.0,balance-scale,0.3333333333333333,0.0,1.0,40,0
67,67,DUSM,0.5,0.0,balance-scale,0.3333333333333333,0.0,1.0,40,0
68,68,DUSM,0.5,0.0,balance-scale,0.3333333333333333,0.0,1.0,40,0
69,69,DUSM,0.5,0.0,balance-scale,0.3333333333333333,0.0,1.0,40,0
70,70,RUSM,0.5,0.0,balance-scale,0.3333333333333333,0.0,1.0,40,0
71,71,RUSM,0.5,0.0,balance-scale,0.3333333333333333,0.0,1.0,40,0
72,72,RUSM,0.5,0.0,balance-scale,0.3333333333333333,0.0,1.0,40,0
73,73,RUSM,0.5,0.0,balance-scale,0.3333333333333333,0.0,1.0,40,0
74,74,RUSM,0.5,0.0,balance-scale,0.3333333333333333,0.0,1.0,40,0
75,75,RUSM,0.5,0.0,balance-scale,0.3333333333333333,0.0,1.0,40,0
76,76,RUSM,0.5,0.0,balance-scale,0.3333333333333333,0.0,1.0,40,0
77,77,RUSM,0.5,0.0,balance-scale,0.3333333333333333,0.0,1.0,40,0
78,78,RUSM,0.5,0.0,balance-scale,0.3333333333333333,0.0,1.0,40,0
79,79,RUSM,0.5,0.0,balance-scale,0.3333333333333333,0.0,1.0,40,0
80,80,SLS,1.0,2.375,labor,1.0,0.125,0.16666666666666674,40,8
81,81,SLS,0.875,2.571428571428572,labor,1.0,0.056776556776556776,0.5,40,14
82,82,SLS,0.875,2.9166666666666665,labor,1.0,0.18939393939393948,0.5,40,12
83,83,SLS,0.5,2.2,labor,1.0,0.13703703703703704,0.5,40,10
84,84,SLS,0.875,2.583333333333333,labor,1.0,0.09848484848484852,0.5,40,12
85,85,SLS,0.5,2.75,labor,1.0,0.0,1.0,40,16
86,86,SLS,0.625,2.727272727272727,labor,1.0,0.0,0.8333333333333334,40,11
87,87,SLS,1.0,2.3125,labor,1.0,0.1516666666666664,0.3999999999999999,40,16
88,88,SLS,0.8333333333333333,2.769230769230769,labor,1.0,0.11794871794871792,0.6,40,13
89,89,SLS,0.5833333333333333,2.5625,labor,1.0,0.13666666666666655,0.3999999999999999,40,16
90,90,DLS,0.875,2.0,labor,0.5,0.0,0.5,40,1
91,91,DLS,0.625,2.0,labor,0.5,0.0,0.8333333333333334,40,1
92,92,DLS,0.625,2.0,labor,0.5,0.0,0.8333333333333334,40,1
93,93,DLS,0.25,2.0,labor,1.0,0.0,0.8333333333333334,40,1
94,94,DLS,0.625,2.0,labor,1.0,0.0,0.8333333333333334,40,1
95,95,DLS,0.5,2.0,labor,0.5,0.0,1.0,40,1
96,96,DLS,0.5,3.0,labor,1.0,0.0,1.0,40,1
97,97,DLS,0.5,3.0,labor,1.0,0.0,1.0,40,1
98,98,DLS,0.6666666666666667,2.0,labor,0.5,0.0,0.8,40,1
99,99,DLS,0.6666666666666667,3.0,labor,1.0,0.0,0.8,40,1
100,100,DUSM,0.5,0.0,labor,0.5,0.0,1.0,40,0
101,101,DUSM,0.5,0.0,labor,0.5,0.0,1.0,40,0
102,102,DUSM,0.5,0.0,labor,0.5,0.0,1.0,40,0
103,103,DUSM,0.5,0.0,labor,0.5,0.0,1.0,40,0
104,104,DUSM,0.5,0.0,labor,0.5,0.0,1.0,40,0
105,105,DUSM,0.5,0.0,labor,0.5,0.0,1.0,40,0
106,106,DUSM,0.5,0.0,labor,0.5,0.0,1.0,40,0
107,107,DUSM,0.5,0.0,labor,0.5,0.0,1.0,40,0
108,108,DUSM,0.5,0.0,labor,0.5,0.0,1.0,40,0
109,109,DUSM,0.5,0.0,labor,0.5,0.0,1.0,40,0
110,110,RUSM,0.5,0.0,labor,0.5,0.0,1.0,40,0
111,111,RUSM,0.5,0.0,labor,0.5,0.0,1.0,40,0
112,112,RUSM,0.5,0.0,labor,0.5,0.0,1.0,40,0
113,113,RUSM,0.5,0.0,labor,0.5,0.0,1.0,40,0
114,114,RUSM,0.5,0.0,labor,0.5,0.0,1.0,40,0
115,115,RUSM,0.5,0.0,labor,0.5,0.0,1.0,40,0
116,116,RUSM,0.5,0.0,labor,0.5,0.0,1.0,40,0
117,117,RUSM,0.5,0.0,labor,0.5,0.0,1.0,40,0
118,118,RUSM,0.5,0.0,labor,0.5,0.0,1.0,40,0
119,119,RUSM,0.5,0.0,labor,0.5,0.0,1.0,40,0
120,120,SLS,0.5,2.0,zoo,0.3333333333333333,0.0,1.0,40,12
121,121,SLS,0.5,1.8888888888888888,zoo,0.4,0.0,1.0,40,9
122,122,SLS,0.5,2.0,zoo,0.4,0.0,1.0,40,16
123,123,SLS,0.5,2.0,zoo,0.4,0.0,1.0,40,13
124,124,SLS,0.5,1.8888888888888888,zoo,0.3333333333333333,0.0,1.0,40,9
125,125,SLS,0.5,1.9,zoo,0.4,0.0,1.0,40,10
126,126,SLS,0.5,1.9090909090909087,zoo,0.3333333333333333,0.0,1.0,40,11
127,127,SLS,0.5,2.0,zoo,0.2857142857142857,0.0,1.0,40,12
128,128,SLS,0.5,2.0,zoo,0.2857142857142857,0.0,1.0,40,13
129,129,SLS,0.5,2.0,zoo,0.4,0.0,1.0,40,9
130,130,DLS,0.5,1.0,zoo,0.16666666666666666,0.0,1.0,40,1
131,131,DLS,0.5,1.0,zoo,0.2,0.0,1.0,40,1
132,132,DLS,0.5,1.0,zoo,0.2,0.0,1.0,40,1
133,133,DLS,0.5,1.0,zoo,0.2,0.0,1.0,40,1
134,134,DLS,0.5,1.0,zoo,0.3333333333333333,0.0,1.0,40,1
135,135,DLS,0.5,1.0,zoo,0.4,0.0,1.0,40,1
136,136,DLS,0.5,1.0,zoo,0.16666666666666666,0.0,1.0,40,1
137,137,DLS,0.5,1.0,zoo,0.14285714285714285,0.0,1.0,40,1
138,138,DLS,0.5,1.0,zoo,0.14285714285714285,0.0,1.0,40,1
139,139,DLS,0.5,1.0,zoo,0.2,0.0,1.0,40,1
140,140,DUSM,0.5,0.0,zoo,0.16666666666666666,0.0,1.0,40,0
141,141,DUSM,0.5,0.0,zoo,0.2,0.0,1.0,40,0
142,142,DUSM,0.5,0.0,zoo,0.2,0.0,1.0,40,0
143,143,DUSM,0.5,0.0,zoo,0.2,0.0,1.0,40,0
144,144,DUSM,0.5,0.0,zoo,0.16666666666666666,0.0,1.0,40,0
145,145,DUSM,0.5,0.0,zoo,0.2,0.0,1.0,40,0
146,146,DUSM,0.5,0.0,zoo,0.16666666666666666,0.0,1.0,40,0
147,147,DUSM,0.5,0.0,zoo,0.14285714285714285,0.0,1.0,40,0
148,148,DUSM,0.5,0.0,zoo,0.14285714285714285,0.0,1.0,40,0
149,149,DUSM,0.5,0.0,zoo,0.2,0.0,1.0,40,0
150,150,RUSM,0.5,0.0,zoo,0.16666666666666666,0.0,1.0,40,0
151,151,RUSM,0.5,0.0,zoo,0.2,0.0,1.0,40,0
152,152,RUSM,0.5,0.0,zoo,0.2,0.0,1.0,40,0
153,153,RUSM,0.5,0.0,zoo,0.2,0.0,1.0,40,0
154,154,RUSM,0.5,0.0,zoo,0.16666666666666666,0.0,1.0,40,0
155,155,RUSM,0.5,0.0,zoo,0.2,0.0,1.0,40,0
156,156,RUSM,0.5,0.0,zoo,0.16666666666666666,0.0,1.0,40,0
157,157,RUSM,0.5,0.0,zoo,0.14285714285714285,0.0,1.0,40,0
158,158,RUSM,0.5,0.0,zoo,0.14285714285714285,0.0,1.0,40,0
159,159,RUSM,0.5,0.0,zoo,0.2,0.0,1.0,40,0
160,160,SLS,0.9691304347826086,2.8125,breast-w,1.0,0.35281690140845035,0.35211267605633795,40,16
161,161,SLS,0.9673913043478262,2.9166666666666665,breast-w,1.0,0.36796536796536783,0.3857142857142858,40,12
162,162,SLS,0.9465579710144928,2.9473684210526314,breast-w,1.0,0.29314954051796144,0.37142857142857133,40,19
163,163,SLS,0.9139492753623188,3.0,breast-w,1.0,0.2841991341991341,0.4142857142857143,40,12
164,164,SLS,0.9565217391304348,3.0,breast-w,1.0,0.3148051948051949,0.4,40,11
165,165,SLS,0.9710144927536232,2.9090909090909087,breast-w,1.0,0.19168831168831169,0.18571428571428567,40,11
166,166,SLS,0.9673913043478262,2.85,breast-w,1.0,0.2453383458646619,0.3857142857142858,40,20
167,167,SLS,0.9565217391304348,2.9090909090909087,breast-w,1.0,0.25194805194805203,0.4,40,11
168,168,SLS,0.9791666666666669,3.0,breast-w,1.0,0.3001610305958132,0.33333333333333337,40,10
169,169,SLS,0.9333333333333332,2.85,breast-w,1.0,0.2557589626239512,0.4347826086956522,40,20
170,170,DLS,0.8821739130434783,2.0,breast-w,1.0,0.0,0.4647887323943661,40,1
171,171,DLS,0.9130434782608696,2.0,breast-w,1.0,0.0,0.4571428571428572,40,1
172,172,DLS,0.9021739130434784,2.0,breast-w,1.0,0.0,0.4714285714285714,40,1
173,173,DLS,0.9021739130434784,3.0,breast-w,1.0,0.0,0.4714285714285714,40,1
174,174,DLS,0.8586956521739131,2.0,breast-w,1.0,0.0,0.5285714285714286,40,1
175,175,DLS,0.8804347826086957,2.0,breast-w,1.0,0.0,0.5,40,1
176,176,DLS,0.9021739130434784,2.0,breast-w,1.0,0.0,0.4714285714285714,40,1
177,177,DLS,0.9021739130434784,2.0,breast-w,1.0,0.0,0.4714285714285714,40,1
178,178,DLS,0.8888888888888888,2.0,breast-w,1.0,0.0,0.4927536231884058,40,1
179,179,DLS,0.8777777777777778,2.0,breast-w,1.0,0.0,0.5072463768115942,40,1
180,180,DUSM,0.8913043478260869,2.0,breast-w,1.0,0.0,0.4929577464788733,40,1
181,181,DUSM,0.5,0.0,breast-w,0.5,0.0,1.0,40,0
182,182,DUSM,0.5,0.0,breast-w,0.5,0.0,1.0,40,0
183,183,DUSM,0.5,0.0,breast-w,0.5,0.0,1.0,40,0
184,184,DUSM,0.5,0.0,breast-w,0.5,0.0,1.0,40,0
185,185,DUSM,0.5,0.0,breast-w,0.5,0.0,1.0,40,0
186,186,DUSM,0.5,0.0,breast-w,0.5,0.0,1.0,40,0
187,187,DUSM,0.9021739130434784,2.0,breast-w,1.0,0.0,0.4714285714285714,40,1
188,188,DUSM,0.5,0.0,breast-w,0.5,0.0,1.0,40,0
189,189,DUSM,0.5,0.0,breast-w,0.5,0.0,1.0,40,0
190,190,RUSM,0.5,0.0,breast-w,0.5,0.0,1.0,40,0
191,191,RUSM,0.5,0.0,breast-w,0.5,0.0,1.0,40,0
192,192,RUSM,0.5,0.0,breast-w,0.5,0.0,1.0,40,0
193,193,RUSM,0.5,0.0,breast-w,0.5,0.0,1.0,40,0
194,194,RUSM,0.5,0.0,breast-w,0.5,0.0,1.0,40,0
195,195,RUSM,0.5,0.0,breast-w,0.5,0.0,1.0,40,0
196,196,RUSM,0.5,0.0,breast-w,0.5,0.0,1.0,40,0
197,197,RUSM,0.5,0.0,breast-w,0.5,0.0,1.0,40,0
198,198,RUSM,0.5,0.0,breast-w,0.5,0.0,1.0,40,0
199,199,RUSM,0.5,0.0,breast-w,0.5,0.0,1.0,40,0
200,200,SLS,0.5833333333333333,3.0,diabetes,1.0,0.000666000666000666,0.8701298701298701,40,13
201,201,SLS,0.6674074074074074,2.9375,diabetes,1.0,0.006385281385281386,0.7402597402597402,40,16
202,202,SLS,0.5855555555555555,2.9166666666666665,diabetes,1.0,0.0007870916961826052,0.8701298701298701,40,12
203,203,SLS,0.6488888888888888,2.8666666666666667,diabetes,1.0,0.0035868893011750157,0.7142857142857142,40,15
204,204,SLS,0.5948148148148148,3.933333333333333,diabetes,1.0,0.006184291898577615,0.8311688311688312,40,15
205,205,SLS,0.6014814814814815,2.8461538461538463,diabetes,1.0,0.016650016650016645,0.8311688311688312,40,13
206,206,SLS,0.5685185185185186,2.7777777777777777,diabetes,1.0,0.020923520923520927,0.7142857142857142,40,9
207,207,SLS,0.705925925925926,2.8461538461538463,diabetes,1.0,0.019480519480519477,0.6363636363636364,40,13
208,208,SLS,0.6573076923076924,2.9047619047619047,diabetes,1.0,0.004448621553884711,0.7894736842105263,40,21
209,209,SLS,0.6603846153846153,2.9230769230769234,diabetes,1.0,0.05600539811066123,0.6710526315789473,40,13
210,210,DLS,0.54,2.0,diabetes,0.5,0.0,0.9480519480519479,40,1
211,211,DLS,0.63,2.0,diabetes,0.5,0.0,0.8311688311688312,40,1
212,212,DLS,0.55,2.0,diabetes,0.5,0.0,0.935064935064935,40,1
213,213,DLS,0.63,3.0,diabetes,0.5,0.0,0.8311688311688312,40,1
214,214,DLS,0.5800000000000001,3.0,diabetes,0.5,0.0,0.8961038961038961,40,1
215,215,DLS,0.61,2.0,diabetes,0.5,0.0,0.8571428571428571,40,1
216,216,DLS,0.5644444444444444,2.0,diabetes,0.5,0.0,0.8051948051948052,40,1
217,217,DLS,0.6599999999999999,2.0,diabetes,0.5,0.0,0.7922077922077921,40,1
218,218,DLS,0.5700000000000001,2.0,diabetes,0.5,0.0,0.9078947368421052,40,1
219,219,DLS,0.6307692307692307,2.0,diabetes,0.5,0.0,0.7894736842105263,40,1
220,220,DUSM,0.5,0.0,diabetes,0.5,0.0,1.0,40,0
221,221,DUSM,0.5,0.0,diabetes,0.5,0.0,1.0,40,0
222,222,DUSM,0.5,0.0,diabetes,0.5,0.0,1.0,40,0
223,223,DUSM,0.5,0.0,diabetes,0.5,0.0,1.0,40,0
224,224,DUSM,0.5,0.0,diabetes,0.5,0.0,1.0,40,0
225,225,DUSM,0.5,0.0,diabetes,0.5,0.0,1.0,40,0
226,226,DUSM,0.5,0.0,diabetes,0.5,0.0,1.0,40,0
227,227,DUSM,0.5,0.0,diabetes,0.5,0.0,1.0,40,0
228,228,DUSM,0.5,0.0,diabetes,0.5,0.0,1.0,40,0
229,229,DUSM,0.5,0.0,diabetes,0.5,0.0,1.0,40,0
230,230,RUSM,0.5,0.0,diabetes,0.5,0.0,1.0,40,0
231,231,RUSM,0.5,0.0,diabetes,0.5,0.0,1.0,40,0
232,232,RUSM,0.5,0.0,diabetes,0.5,0.0,1.0,40,0
233,233,RUSM,0.5,0.0,diabetes,0.5,0.0,1.0,40,0
234,234,RUSM,0.5,0.0,diabetes,0.5,0.0,1.0,40,0
235,235,RUSM,0.5,0.0,diabetes,0.5,0.0,1.0,40,0
236,236,RUSM,0.5,0.0,diabetes,0.5,0.0,1.0,40,0
237,237,RUSM,0.5,0.0,diabetes,0.5,0.0,1.0,40,0
238,238,RUSM,0.5,0.0,diabetes,0.5,0.0,1.0,40,0
239,239,RUSM,0.5,0.0,diabetes,0.5,0.0,1.0,40,0
240,240,SLS,0.8490549662841442,1.8571428571428568,car,0.5,0.02545155993431856,0.4195402298850575,40,14
241,241,SLS,0.8144950686322487,1.8888888888888888,car,0.5,0.03017241379310345,0.4770114942528736,40,9
242,242,SLS,0.8352310072233861,2.0,car,0.5,0.015927750410509037,0.4425287356321839,40,15
243,243,SLS,0.7557432426240266,1.875,car,0.25,0.03263546798029557,0.5747126436781609,40,8
244,244,SLS,0.8880808818377275,1.8571428571428568,car,0.5,0.02540811789366704,0.3526011560693641,40,14
245,245,SLS,0.8441716663124683,1.9230769230769231,car,0.5,0.014609421586165782,0.4244186046511628,40,13
246,246,SLS,0.8441716663124683,1.9333333333333331,car,0.5,0.016168327796234783,0.4244186046511628,40,15
247,247,SLS,0.8059303700555275,1.9,car,0.5,0.016408268733850134,0.4883720930232558,40,10
248,248,SLS,0.7676890737985864,1.9,car,0.5,0.021447028423772614,0.5523255813953488,40,10
249,249,SLS,0.8767103709687443,1.9333333333333331,car,0.5,0.015705931495405175,0.368421052631579,40,15
250,250,DLS,0.6866234473202356,1.0,car,0.25,0.0,0.6896551724137931,40,1
251,251,DLS,0.7004474063809937,1.0,car,0.25,0.0,0.6666666666666667,40,1
252,252,DLS,0.6900794370854251,1.0,car,0.25,0.0,0.6839080459770115,40,1
253,253,DLS,0.683167457555046,1.0,car,0.25,0.0,0.6954022988505747,40,1
254,254,DLS,0.7079004724130683,1.0,car,0.25,0.0,0.6531791907514449,40,1
255,255,DLS,0.6807770368509933,1.0,car,0.25,0.0,0.6976744186046512,40,1
256,256,DLS,0.6877299998068008,1.0,car,0.25,0.0,0.686046511627907,40,1
257,257,DLS,0.6773005553730898,1.0,car,0.25,0.0,0.7034883720930233,40,1
258,258,DLS,0.6877299998068008,1.0,car,0.25,0.0,0.686046511627907,40,1
259,259,DLS,0.6744029495225667,1.0,car,0.25,0.0,0.7076023391812866,40,1
260,260,DUSM,0.5,0.0,car,0.25,0.0,1.0,40,0
261,261,DUSM,0.5,0.0,car,0.25,0.0,1.0,40,0
262,262,DUSM,0.5,0.0,car,0.25,0.0,1.0,40,0
263,263,DUSM,0.5,0.0,car,0.25,0.0,1.0,40,0
264,264,DUSM,0.5,0.0,car,0.25,0.0,1.0,40,0
265,265,DUSM,0.5,0.0,car,0.25,0.0,1.0,40,0
266,266,DUSM,0.5,0.0,car,0.25,0.0,1.0,40,0
267,267,DUSM,0.5,0.0,car,0.25,0.0,1.0,40,0
268,268,DUSM,0.5,0.0,car,0.25,0.0,1.0,40,0
269,269,DUSM,0.5,0.0,car,0.25,0.0,1.0,40,0
270,270,RUSM,0.5,0.0,car,0.25,0.0,1.0,40,0
271,271,RUSM,0.5,0.0,car,0.25,0.0,1.0,40,0
272,272,RUSM,0.5,0.0,car,0.25,0.0,1.0,40,0
273,273,RUSM,0.5,0.0,car,0.25,0.0,1.0,40,0
274,274,RUSM,0.5,0.0,car,0.25,0.0,1.0,40,0
275,275,RUSM,0.5,0.0,car,0.25,0.0,1.0,40,0
276,276,RUSM,0.5,0.0,car,0.25,0.0,1.0,40,0
277,277,RUSM,0.5,0.0,car,0.25,0.0,1.0,40,0
278,278,RUSM,0.5,0.0,car,0.25,0.0,1.0,40,0
279,279,RUSM,0.5,0.0,car,0.25,0.0,1.0,40,0
280,280,SLS,0.8894127347100861,1.9230769230769231,anneal,0.4,0.015779092702169626,0.3516483516483516,40,13
281,281,SLS,0.825689889414657,1.875,anneal,0.5,0.036388888888888866,0.4666666666666667,40,16
282,282,SLS,0.8714797483413175,1.9375,anneal,0.4,0.027014652014652016,0.3956043956043955,40,16
283,283,SLS,0.8311305290115885,1.9090909090909087,anneal,0.4,0.02737262737262737,0.4945054945054944,40,11
284,284,SLS,0.7586979213972211,1.9230769230769231,anneal,0.4,0.02008547008547008,0.4111111111111111,40,13
285,285,SLS,0.8562915252449175,1.9333333333333331,anneal,0.4,0.01798941798941799,0.43333333333333335,40,15
286,286,SLS,0.8381352852445823,2.0,anneal,0.4,0.031717171717171706,0.4777777777777778,40,11
287,287,SLS,0.8537227664368394,1.9375,anneal,0.4,0.03614232209737826,0.4382022471910112,40,16
288,288,SLS,0.9218022786037492,2.0,anneal,0.5,0.026767676767676774,0.30681818181818177,40,10
289,289,SLS,0.8509451947518422,2.0,anneal,0.4,0.016414141414141412,0.4431818181818181,40,10
290,290,DLS,0.6840456755749111,2.0,anneal,0.2,0.0,0.6703296703296703,40,1
291,291,DLS,0.6710073801271821,2.0,anneal,0.25,0.0,0.7,40,1
292,292,DLS,0.6472365404599287,2.0,anneal,0.2,0.0,0.7362637362637363,40,1
293,293,DLS,0.6840456755749111,2.0,anneal,0.2,0.0,0.6703296703296703,40,1
294,294,DLS,0.6490830491766787,2.0,anneal,0.2,0.0,0.7333333333333334,40,1
295,295,DLS,0.7112009863336282,2.0,anneal,0.2,0.0,0.6222222222222222,40,1
296,296,DLS,0.6987773989022383,2.0,anneal,0.2,0.0,0.6444444444444444,40,1
297,297,DLS,0.6375894194798554,2.0,anneal,0.2,0.0,0.7528089887640451,40,1
298,298,DLS,0.6613321219669857,2.0,anneal,0.25,0.0,0.7159090909090908,40,1
299,299,DLS,0.6825789160987025,2.0,anneal,0.2,0.0,0.6704545454545454,40,1
300,300,DUSM,0.5,0.0,anneal,0.2,0.0,1.0,40,0
301,301,DUSM,0.5,0.0,anneal,0.25,0.0,1.0,40,0
302,302,DUSM,0.5,0.0,anneal,0.2,0.0,1.0,40,0
303,303,DUSM,0.5,0.0,anneal,0.2,0.0,1.0,40,0
304,304,DUSM,0.5,0.0,anneal,0.2,0.0,1.0,40,0
305,305,DUSM,0.5,0.0,anneal,0.2,0.0,1.0,40,0
306,306,DUSM,0.5,0.0,anneal,0.2,0.0,1.0,40,0
307,307,DUSM,0.5,0.0,anneal,0.2,0.0,1.0,40,0
308,308,DUSM,0.5,0.0,anneal,0.25,0.0,1.0,40,0
309,309,DUSM,0.5,0.0,anneal,0.2,0.0,1.0,40,0
310,310,RUSM,0.5,0.0,anneal,0.2,0.0,1.0,40,0
311,311,RUSM,0.5,0.0,anneal,0.25,0.0,1.0,40,0
312,312,RUSM,0.5,0.0,anneal,0.2,0.0,1.0,40,0
313,313,RUSM,0.5,0.0,anneal,0.2,0.0,1.0,40,0
314,314,RUSM,0.5,0.0,anneal,0.2,0.0,1.0,40,0
315,315,RUSM,0.5,0.0,anneal,0.2,0.0,1.0,40,0
316,316,RUSM,0.5,0.0,anneal,0.2,0.0,1.0,40,0
317,317,RUSM,0.5,0.0,anneal,0.2,0.0,1.0,40,0
318,318,RUSM,0.5,0.0,anneal,0.25,0.0,1.0,40,0
319,319,RUSM,0.5,0.0,anneal,0.2,0.0,1.0,40,0
320,320,SLS,0.6128334032612112,2.0,soybean,0.15789473684210525,0.0452088452088452,0.8513513513513513,40,11
321,321,SLS,0.6784381465383721,2.0,soybean,0.21052631578947367,0.0173992673992674,0.7638888888888888,40,14
322,322,SLS,0.7271431266337887,1.9375,soybean,0.3157894736842105,0.019718309859154917,0.676056338028169,40,16
323,323,SLS,0.6948400795008901,2.0,soybean,0.2631578947368421,0.030985915492957736,0.7183098591549295,40,10
324,324,SLS,0.6900595360365475,2.0,soybean,0.2777777777777778,0.017057569296375266,0.7313432835820896,40,8
325,325,SLS,0.6701392225439412,2.0,soybean,0.21052631578947367,0.028765264586160095,0.7761194029850746,40,11
326,326,SLS,0.7255005114986071,2.0,soybean,0.2631578947368421,0.021478521478521462,0.6818181818181819,40,14
327,327,SLS,0.6879918378843296,2.0,soybean,0.2631578947368421,0.02525252525252524,0.7272727272727273,40,15
328,328,SLS,0.7341178388161949,2.0,soybean,0.3157894736842105,0.015384615384615384,0.6615384615384615,40,11
329,329,SLS,0.6860504203582161,2.0,soybean,0.3333333333333333,0.02357456140350877,0.75,40,19
330,330,DLS,0.5870008483276387,2.0,soybean,0.10526315789473684,0.0,0.8783783783783784,40,1
331,331,DLS,0.5591078947138982,2.0,soybean,0.10526315789473684,0.0,0.9166666666666666,40,1
332,332,DLS,0.5696315782017415,2.0,soybean,0.10526315789473684,0.0,0.9014084507042254,40,1
333,333,DLS,0.5696315782017415,2.0,soybean,0.10526315789473684,0.0,0.9014084507042254,40,1
334,334,DLS,0.563160594195077,2.0,soybean,0.1111111111111111,0.0,0.9104477611940298,40,1
335,335,DLS,0.582922522123974,2.0,soybean,0.10526315789473684,0.0,0.8805970149253731,40,1
336,336,DLS,0.5628680341231164,2.0,soybean,0.10526315789473684,0.0,0.9090909090909092,40,1
337,337,DLS,0.5523900284359303,2.0,soybean,0.10526315789473684,0.0,0.9242424242424242,40,1
338,338,DLS,0.5767633735979293,2.0,soybean,0.10526315789473684,0.0,0.8923076923076922,40,1
339,339,DLS,0.5788781633539699,2.0,soybean,0.1111111111111111,0.0,0.890625,40,1
340,340,DUSM,0.5,0.0,soybean,0.05263157894736842,0.0,1.0,40,0
341,341,DUSM,0.5,0.0,soybean,0.05263157894736842,0.0,1.0,40,0
342,342,DUSM,0.5,0.0,soybean,0.05263157894736842,0.0,1.0,40,0
343,343,DUSM,0.5,0.0,soybean,0.05263157894736842,0.0,1.0,40,0
344,344,DUSM,0.5,0.0,soybean,0.05555555555555555,0.0,1.0,40,0
345,345,DUSM,0.5,0.0,soybean,0.05263157894736842,0.0,1.0,40,0
346,346,DUSM,0.5,0.0,soybean,0.05263157894736842,0.0,1.0,40,0
347,347,DUSM,0.5,0.0,soybean,0.05263157894736842,0.0,1.0,40,0
348,348,DUSM,0.5,0.0,soybean,0.05263157894736842,0.0,1.0,40,0
349,349,DUSM,0.5,0.0,soybean,0.05555555555555555,0.0,1.0,40,0
350,350,RUSM,0.5,0.0,soybean,0.05263157894736842,0.0,1.0,40,0
351,351,RUSM,0.5,0.0,soybean,0.05263157894736842,0.0,1.0,40,0
352,352,RUSM,0.5,0.0,soybean,0.05263157894736842,0.0,1.0,40,0
353,353,RUSM,0.5,0.0,soybean,0.05263157894736842,0.0,1.0,40,0
354,354,RUSM,0.5,0.0,soybean,0.05555555555555555,0.0,1.0,40,0
355,355,RUSM,0.5,0.0,soybean,0.05263157894736842,0.0,1.0,40,0
356,356,RUSM,0.5,0.0,soybean,0.05263157894736842,0.0,1.0,40,0
357,357,RUSM,0.5,0.0,soybean,0.05263157894736842,0.0,1.0,40,0
358,358,RUSM,0.5,0.0,soybean,0.05263157894736842,0.0,1.0,40,0
359,359,RUSM,0.5,0.0,soybean,0.05555555555555555,0.0,1.0,40,0
360,360,SLS,0.5799005681818182,2.0,vehicle,0.75,0.00792811839323468,0.9186046511627908,40,12
361,361,SLS,0.6028053977272727,1.8666666666666667,vehicle,0.75,0.02746400885935772,0.8953488372093024,40,15
362,362,SLS,0.7151383165445665,1.9230769230769231,vehicle,1.0,0.020814479638009056,0.7647058823529411,40,13
363,363,SLS,0.5914297508047508,1.7857142857142858,vehicle,0.75,0.04227537168713634,0.9058823529411764,40,14
364,364,SLS,0.5916620185370185,1.8888888888888888,vehicle,0.75,0.029142637447135668,0.9058823529411764,40,18
365,365,SLS,0.5355122221528472,1.8421052631578947,vehicle,0.75,0.0,0.9647058823529412,40,19
366,366,SLS,0.6104567134254635,1.9285714285714288,vehicle,0.75,0.016289592760180986,0.8705882352941177,40,14
367,367,SLS,0.6001308992866452,1.9285714285714288,vehicle,0.5,0.02250130821559395,0.8809523809523809,40,14
368,368,SLS,0.5359062980030722,1.7777777777777777,vehicle,0.5,0.021419009370816595,0.9638554216867471,40,9
369,369,SLS,0.5363922100332801,2.0,vehicle,0.75,0.0,0.9634146341463414,40,8
370,370,DLS,0.5574100378787878,2.0,vehicle,0.5,0.0,0.9418604651162792,40,1
371,371,DLS,0.5574100378787878,2.0,vehicle,0.5,0.0,0.9418604651162792,40,1
372,372,DLS,0.5692528825341325,2.0,vehicle,0.5,0.0,0.9294117647058824,40,1
373,373,DLS,0.5365141369047619,2.0,vehicle,0.5,0.0,0.9647058823529412,40,1
374,374,DLS,0.5807950296231547,2.0,vehicle,0.5,0.0,0.9176470588235294,40,1
375,375,DLS,0.5577107354451105,2.0,vehicle,0.5,0.0,0.9411764705882352,40,1
376,376,DLS,0.6038793238011988,2.0,vehicle,0.5,0.0,0.8941176470588236,40,1
377,377,DLS,0.5812223800505051,2.0,vehicle,0.5,0.0,0.9166666666666666,40,1
378,378,DLS,0.5598438300051203,2.0,vehicle,0.5,0.0,0.9397590361445785,40,1
379,379,DLS,0.5240697371844913,2.0,vehicle,0.5,0.0,0.975609756097561,40,1
380,380,DUSM,0.5,0.0,vehicle,0.25,0.0,1.0,40,0
381,381,DUSM,0.5,0.0,vehicle,0.25,0.0,1.0,40,0
382,382,DUSM,0.5,0.0,vehicle,0.25,0.0,1.0,40,0
383,383,DUSM,0.5,0.0,vehicle,0.25,0.0,1.0,40,0
384,384,DUSM,0.5,0.0,vehicle,0.25,0.0,1.0,40,0
385,385,DUSM,0.5,0.0,vehicle,0.25,0.0,1.0,40,0
386,386,DUSM,0.5,0.0,vehicle,0.25,0.0,1.0,40,0
387,387,DUSM,0.5,0.0,vehicle,0.25,0.0,1.0,40,0
388,388,DUSM,0.5,0.0,vehicle,0.25,0.0,1.0,40,0
389,389,DUSM,0.5,0.0,vehicle,0.25,0.0,1.0,40,0
390,390,RUSM,0.5,0.0,vehicle,0.25,0.0,1.0,40,0
391,391,RUSM,0.5,0.0,vehicle,0.25,0.0,1.0,40,0
392,392,RUSM,0.5,0.0,vehicle,0.25,0.0,1.0,40,0
393,393,RUSM,0.5,0.0,vehicle,0.25,0.0,1.0,40,0
394,394,RUSM,0.5,0.0,vehicle,0.25,0.0,1.0,40,0
395,395,RUSM,0.5,0.0,vehicle,0.25,0.0,1.0,40,0
396,396,RUSM,0.5,0.0,vehicle,0.25,0.0,1.0,40,0
397,397,RUSM,0.5,0.0,vehicle,0.25,0.0,1.0,40,0
398,398,RUSM,0.5,0.0,vehicle,0.25,0.0,1.0,40,0
399,399,RUSM,0.5,0.0,vehicle,0.25,0.0,1.0,40,0
400,400,SLS,0.9698996655518396,2.0,ionosphere,1.0,0.0527065527065527,0.3055555555555556,40,13
401,401,SLS,0.9749163879598662,1.9285714285714288,ionosphere,1.0,0.1001221001221001,0.4444444444444444,40,14
402,402,SLS,0.8963210702341138,1.7857142857142858,ionosphere,1.0,0.04365079365079365,0.4166666666666667,40,14
403,403,SLS,0.9498327759197324,1.8888888888888888,ionosphere,1.0,0.057098765432098776,0.4722222222222222,40,9
404,404,SLS,0.7508361204013378,1.8333333333333333,ionosphere,1.0,0.0425084175084175,0.6666666666666667,40,12
405,405,SLS,0.8601398601398602,2.0,ionosphere,1.0,0.035918367346938734,0.6000000000000001,40,15
406,406,SLS,0.8200757575757576,1.8888888888888888,ionosphere,1.0,0.04820261437908496,0.7058823529411764,40,9
407,407,SLS,0.9431818181818182,1.8571428571428568,ionosphere,1.0,0.05591467356173234,0.5294117647058824,40,14
408,408,SLS,0.7651515151515151,1.8823529411764703,ionosphere,1.0,0.048442906574394366,0.6764705882352942,40,17
409,409,SLS,0.8276515151515151,2.0,ionosphere,1.0,0.06163494809688575,0.2058823529411765,40,17
410,410,DLS,0.6739130434782609,2.0,ionosphere,0.5,0.0,0.7777777777777778,40,1
411,411,DLS,0.6739130434782609,2.0,ionosphere,1.0,0.0,0.7777777777777778,40,1
412,412,DLS,0.6354515050167224,2.0,ionosphere,1.0,0.0,0.75,40,1
413,413,DLS,0.6521739130434783,2.0,ionosphere,1.0,0.0,0.8055555555555556,40,1
414,414,DLS,0.6538461538461539,1.0,ionosphere,1.0,0.0,0.8888888888888888,40,1
415,415,DLS,0.7307692307692308,1.0,ionosphere,1.0,0.0,0.8285714285714285,40,1
416,416,DLS,0.75,1.0,ionosphere,1.0,0.0,0.8235294117647058,40,1
417,417,DLS,0.75,1.0,ionosphere,1.0,0.0,0.8235294117647058,40,1
418,418,DLS,0.7083333333333333,1.0,ionosphere,1.0,0.0,0.8529411764705882,40,1
419,419,DLS,0.731060606060606,2.0,ionosphere,1.0,0.0,0.6176470588235294,40,1
420,420,DUSM,0.5,0.0,ionosphere,0.5,0.0,1.0,40,0
421,421,DUSM,0.5,0.0,ionosphere,0.5,0.0,1.0,40,0
422,422,DUSM,0.5,0.0,ionosphere,0.5,0.0,1.0,40,0
423,423,DUSM,0.5,0.0,ionosphere,0.5,0.0,1.0,40,0
424,424,DUSM,0.5,0.0,ionosphere,0.5,0.0,1.0,40,0
425,425,DUSM,0.5,0.0,ionosphere,0.5,0.0,1.0,40,0
426,426,DUSM,0.5,0.0,ionosphere,0.5,0.0,1.0,40,0
427,427,DUSM,0.5,0.0,ionosphere,0.5,0.0,1.0,40,0
428,428,DUSM,0.5,0.0,ionosphere,0.5,0.0,1.0,40,0
429,429,DUSM,0.5,0.0,ionosphere,0.5,0.0,1.0,40,0
430,430,RUSM,0.5,0.0,ionosphere,0.5,0.0,1.0,40,0
431,431,RUSM,0.5,0.0,ionosphere,0.5,0.0,1.0,40,0
432,432,RUSM,0.5,0.0,ionosphere,0.5,0.0,1.0,40,0
433,433,RUSM,0.5,0.0,ionosphere,0.5,0.0,1.0,40,0
434,434,RUSM,0.5,0.0,ionosphere,0.5,0.0,1.0,40,0
435,435,RUSM,0.5,0.0,ionosphere,0.5,0.0,1.0,40,0
436,436,RUSM,0.5,0.0,ionosphere,0.5,0.0,1.0,40,0
437,437,RUSM,0.5,0.0,ionosphere,0.5,0.0,1.0,40,0
438,438,RUSM,0.5,0.0,ionosphere,0.5,0.0,1.0,40,0
439,439,RUSM,0.5,0.0,ionosphere,0.5,0.0,1.0,40,0
440,440,SLS,0.8336268639192204,2.0,kr-vs-kp,1.0,0.08385416666666667,0.584375,40,9
441,441,SLS,0.688622754491018,2.0,kr-vs-kp,1.0,0.13669507575757575,0.803125,40,12
442,442,SLS,0.8334311768619623,1.9090909090909087,kr-vs-kp,1.0,0.07874999999999997,0.5874999999999999,40,11
443,443,SLS,0.6796407185628742,2.0,kr-vs-kp,1.0,0.11486111111111112,0.8125,40,10
444,444,SLS,0.8504168134319596,1.9333333333333331,kr-vs-kp,1.0,0.1375,0.55,40,15
445,445,SLS,0.6616766467065869,2.0,kr-vs-kp,1.0,0.12631944444444448,0.83125,40,10
446,446,SLS,0.6796407185628742,1.9285714285714288,kr-vs-kp,1.0,0.13228021978021984,0.8125,40,14
447,447,SLS,0.8432674125433344,1.947368421052632,kr-vs-kp,1.0,0.10269665805056004,0.5705329153605017,40,19
448,448,SLS,0.6736526946107784,1.9166666666666667,kr-vs-kp,1.0,0.13631613945093568,0.8181818181818181,40,12
449,449,SLS,0.6475903614457832,2.0,kr-vs-kp,1.0,0.09899223950862487,0.8459119496855345,40,19
450,450,DLS,0.7450980392156863,2.0,kr-vs-kp,1.0,0.0,0.765625,40,1
451,451,DLS,0.7320261437908497,2.0,kr-vs-kp,1.0,0.0,0.778125,40,1
452,452,DLS,0.7516339869281046,2.0,kr-vs-kp,1.0,0.0,0.759375,40,1
453,453,DLS,0.7549019607843137,2.0,kr-vs-kp,1.0,0.0,0.75625,40,1
454,454,DLS,0.7450980392156863,2.0,kr-vs-kp,1.0,0.0,0.765625,40,1
455,455,DLS,0.7222222222222222,2.0,kr-vs-kp,1.0,0.0,0.7875,40,1
456,456,DLS,0.7483660130718954,2.0,kr-vs-kp,1.0,0.0,0.7625,40,1
457,457,DLS,0.7598684210526316,2.0,kr-vs-kp,1.0,0.0,0.7523510971786834,40,1
458,458,DLS,0.7203947368421053,2.0,kr-vs-kp,1.0,0.0,0.7899686520376176,40,1
459,459,DLS,0.7532894736842105,2.0,kr-vs-kp,1.0,0.0,0.7578616352201257,40,1
460,460,DUSM,0.5,0.0,kr-vs-kp,0.5,0.0,1.0,40,0
461,461,DUSM,0.5,0.0,kr-vs-kp,0.5,0.0,1.0,40,0
462,462,DUSM,0.5,0.0,kr-vs-kp,0.5,0.0,1.0,40,0
463,463,DUSM,0.5,0.0,kr-vs-kp,0.5,0.0,1.0,40,0
464,464,DUSM,0.5,0.0,kr-vs-kp,0.5,0.0,1.0,40,0
465,465,DUSM,0.5,0.0,kr-vs-kp,0.5,0.0,1.0,40,0
466,466,DUSM,0.5,0.0,kr-vs-kp,0.5,0.0,1.0,40,0
467,467,DUSM,0.5,0.0,kr-vs-kp,0.5,0.0,1.0,40,0
468,468,DUSM,0.5,0.0,kr-vs-kp,0.5,0.0,1.0,40,0
469,469,DUSM,0.5,0.0,kr-vs-kp,0.5,0.0,1.0,40,0
470,470,RUSM,0.5,0.0,kr-vs-kp,0.5,0.0,1.0,40,0
471,471,RUSM,0.5,0.0,kr-vs-kp,0.5,0.0,1.0,40,0
472,472,RUSM,0.5,0.0,kr-vs-kp,0.5,0.0,1.0,40,0
473,473,RUSM,0.5,0.0,kr-vs-kp,0.5,0.0,1.0,40,0
474,474,RUSM,0.5,0.0,kr-vs-kp,0.5,0.0,1.0,40,0
475,475,RUSM,0.5,0.0,kr-vs-kp,0.5,0.0,1.0,40,0
476,476,RUSM,0.5,0.0,kr-vs-kp,0.5,0.0,1.0,40,0
477,477,RUSM,0.5,0.0,kr-vs-kp,0.5,0.0,1.0,40,0
478,478,RUSM,0.5,0.0,kr-vs-kp,0.5,0.0,1.0,40,0
479,479,RUSM,0.5,0.0,kr-vs-kp,0.5,0.0,1.0,40,0
480,480,SLS,0.5457785272743635,2.0,waveform-5000,1.0,7.323646590110146e-05,0.9501992031872509,40,17
481,481,SLS,0.5186877060060971,2.0,waveform-5000,1.0,0.0,0.9780876494023903,40,9
482,482,SLS,0.5295827042161404,2.0,waveform-5000,1.0,5.544466622310933e-05,0.9640718562874252,40,9
483,483,SLS,0.5305717140966523,2.0,waveform-5000,1.0,2.9411764705882354e-05,0.966,40,17
484,484,SLS,0.5448013252875566,2.0,waveform-5000,1.0,7.352941176470589e-05,0.9420000000000001,40,17
485,485,SLS,0.5227278274721848,2.0,waveform-5000,1.0,7.1571714858288e-05,0.9739478957915833,40,8
486,486,SLS,0.5364526818695405,2.0,waveform-5000,1.0,7.367676529529647e-05,0.9539078156312624,40,17
487,487,SLS,0.5294523200326977,2.0,waveform-5000,1.0,5.138482092389908e-05,0.9639278557114228,40,13
488,488,SLS,0.5600041265863468,2.0,waveform-5000,1.0,0.00011788282447247436,0.93186372745491,40,17
489,489,SLS,0.5209291297269187,2.0,waveform-5000,1.0,5.138482092389908e-05,0.9759519038076152,40,13
490,490,DLS,0.5078898225957049,2.0,waveform-5000,0.6666666666666666,0.0,0.9920318725099602,40,1
491,491,DLS,0.5020020558424173,2.0,waveform-5000,0.6666666666666666,0.0,0.9980079681274899,40,1
492,492,DLS,0.5059436545085224,2.0,waveform-5000,0.6666666666666666,0.0,0.994011976047904,40,1
493,493,DLS,0.5059481231831136,2.0,waveform-5000,0.6666666666666666,0.0,0.9940000000000001,40,1
494,494,DLS,0.5,2.0,waveform-5000,0.6666666666666666,0.0,1.0,40,1
495,495,DLS,0.5039683945718031,2.0,waveform-5000,0.6666666666666666,0.0,0.995991983967936,40,1
496,496,DLS,0.5040700739457072,2.0,waveform-5000,0.6666666666666666,0.0,0.9899799599198396,40,1
497,497,DLS,0.5168416260539705,2.0,waveform-5000,0.6666666666666666,0.0,0.9799599198396792,40,1
498,498,DLS,0.5059525918577047,2.0,waveform-5000,0.6666666666666666,0.0,0.9939879759519038,40,1
499,499,DLS,0.5060424605334785,2.0,waveform-5000,0.6666666666666666,0.0,0.9939879759519038,40,1
500,500,DUSM,0.5,0.0,waveform-5000,0.3333333333333333,0.0,1.0,40,0
501,501,DUSM,0.5,0.0,waveform-5000,0.3333333333333333,0.0,1.0,40,0
502,502,DUSM,0.5,0.0,waveform-5000,0.3333333333333333,0.0,1.0,40,0
503,503,DUSM,0.5,0.0,waveform-5000,0.3333333333333333,0.0,1.0,40,0
504,504,DUSM,0.5,0.0,waveform-5000,0.3333333333333333,0.0,1.0,40,0
505,505,DUSM,0.5,0.0,waveform-5000,0.3333333333333333,0.0,1.0,40,0
506,506,DUSM,0.5,0.0,waveform-5000,0.3333333333333333,0.0,1.0,40,0
507,507,DUSM,0.5,0.0,waveform-5000,0.3333333333333333,0.0,1.0,40,0
508,508,DUSM,0.5,0.0,waveform-5000,0.3333333333333333,0.0,1.0,40,0
509,509,DUSM,0.5,0.0,waveform-5000,0.3333333333333333,0.0,1.0,40,0
510,510,RUSM,0.5,0.0,waveform-5000,0.3333333333333333,0.0,1.0,40,0
511,511,RUSM,0.5,0.0,waveform-5000,0.3333333333333333,0.0,1.0,40,0
512,512,RUSM,0.5,0.0,waveform-5000,0.3333333333333333,0.0,1.0,40,0
513,513,RUSM,0.5,0.0,waveform-5000,0.3333333333333333,0.0,1.0,40,0
514,514,RUSM,0.5,0.0,waveform-5000,0.3333333333333333,0.0,1.0,40,0
515,515,RUSM,0.5,0.0,waveform-5000,0.3333333333333333,0.0,1.0,40,0
516,516,RUSM,0.5,0.0,waveform-5000,0.3333333333333333,0.0,1.0,40,0
517,517,RUSM,0.5,0.0,waveform-5000,0.3333333333333333,0.0,1.0,40,0
518,518,RUSM,0.5,0.0,waveform-5000,0.3333333333333333,0.0,1.0,40,0
519,519,RUSM,0.5,0.0,waveform-5000,0.3333333333333333,0.0,1.0,40,0
520,520,SLS,0.5918114143920596,3.0,australian,1.0,0.004365079365079365,0.8571428571428572,40,9
521,521,SLS,0.6910669975186103,2.9166666666666665,australian,1.0,0.018181818181818167,0.7,40,12
522,522,SLS,0.6960297766749379,3.0,australian,1.0,0.0028571428571428576,0.8,40,10
523,523,SLS,0.6069609507640068,2.9166666666666665,australian,1.0,0.002635046113306983,0.8405797101449275,40,12
524,524,SLS,0.6578947368421053,3.0,australian,1.0,0.007591442374051069,0.8260869565217391,40,7
525,525,SLS,0.5789473684210527,2.9285714285714284,australian,0.5,0.00637044115304985,0.9130434782608696,40,14
526,526,SLS,0.6404923599320883,2.933333333333333,australian,1.0,0.0009661835748792269,0.8260869565217391,40,15
527,527,SLS,0.5798245614035089,3.0,australian,1.0,0.0015756302521008402,0.8823529411764706,40,8
528,528,SLS,0.5885964912280702,2.9,australian,1.0,0.018954248366013064,0.8676470588235294,40,10
529,529,SLS,0.6149122807017544,2.9230769230769234,australian,1.0,0.0005656108597285067,0.8382352941176471,40,13
530,530,DLS,0.5256410256410257,3.0,australian,0.5,0.0,0.9714285714285714,40,1
531,531,DLS,0.6323407775020677,3.0,australian,1.0,0.0,0.8571428571428572,40,1
532,532,DLS,0.5967741935483871,3.0,australian,1.0,0.0,0.9142857142857144,40,1
533,533,DLS,0.5645161290322579,3.0,australian,1.0,0.0,0.9420289855072465,40,1
534,534,DLS,0.5806451612903225,3.0,australian,1.0,0.0,0.927536231884058,40,1
535,535,DLS,0.5657894736842105,3.0,australian,0.5,0.0,0.927536231884058,40,1
536,536,DLS,0.513157894736842,3.0,australian,0.5,0.0,0.9855072463768116,40,1
537,537,DLS,0.5833333333333333,3.0,australian,1.0,0.0,0.9264705882352942,40,1
538,538,DLS,0.5789473684210527,3.0,australian,0.5,0.0,0.9117647058823528,40,1
539,539,DLS,0.5228070175438597,3.0,australian,0.5,0.0,0.9411764705882352,40,1
540,540,DUSM,0.5,0.0,australian,0.5,0.0,1.0,40,0
541,541,DUSM,0.5,0.0,australian,0.5,0.0,1.0,40,0
542,542,DUSM,0.5,0.0,australian,0.5,0.0,1.0,40,0
543,543,DUSM,0.5,0.0,australian,0.5,0.0,1.0,40,0
544,544,DUSM,0.5,0.0,australian,0.5,0.0,1.0,40,0
545,545,DUSM,0.5,0.0,australian,0.5,0.0,1.0,40,0
546,546,DUSM,0.5,0.0,australian,0.5,0.0,1.0,40,0
547,547,DUSM,0.5,0.0,australian,0.5,0.0,1.0,40,0
548,548,DUSM,0.5,0.0,australian,0.5,0.0,1.0,40,0
549,549,DUSM,0.5,0.0,australian,0.5,0.0,1.0,40,0
550,550,RUSM,0.5,0.0,australian,0.5,0.0,1.0,40,0
551,551,RUSM,0.5,0.0,australian,0.5,0.0,1.0,40,0
552,552,RUSM,0.5,0.0,australian,0.5,0.0,1.0,40,0
553,553,RUSM,0.5,0.0,australian,0.5,0.0,1.0,40,0
554,554,RUSM,0.5,0.0,australian,0.5,0.0,1.0,40,0
555,555,RUSM,0.5,0.0,australian,0.5,0.0,1.0,40,0
556,556,RUSM,0.5,0.0,australian,0.5,0.0,1.0,40,0
557,557,RUSM,0.5,0.0,australian,0.5,0.0,1.0,40,0
558,558,RUSM,0.5,0.0,australian,0.5,0.0,1.0,40,0
559,559,RUSM,0.5,0.0,australian,0.5,0.0,1.0,40,0
560,560,SLS,0.562142857142857,2.0,credit-g,1.0,0.00010989010989010992,0.89,40,14
561,561,SLS,0.505,2.0,credit-g,1.0,0.0005128205128205128,0.94,40,13
562,562,SLS,0.5578571428571429,2.0,credit-g,1.0,0.0,0.91,40,11
563,563,SLS,0.5023809523809524,2.0,credit-g,0.5,0.0,0.93,40,12
564,564,SLS,0.5380952380952381,2.0,credit-g,1.0,0.0004761904761904762,0.88,40,15
565,565,SLS,0.5380952380952381,2.0,credit-g,1.0,0.000380952380952381,0.88,40,15
566,566,SLS,0.5523809523809524,2.0,credit-g,1.0,0.00016666666666666666,0.86,40,16
567,567,SLS,0.4547619047619048,2.0,credit-g,0.5,0.0005454545454545454,0.93,40,11
568,568,SLS,0.5523809523809524,2.0,credit-g,1.0,0.00010989010989010992,0.87,40,14
569,569,SLS,0.5095238095238095,2.0,credit-g,0.5,0.00014705882352941178,0.92,40,17
570,570,DLS,0.5142857142857142,2.0,credit-g,0.5,0.0,0.98,40,1
571,571,DLS,0.5,2.0,credit-g,0.5,0.0,1.0,40,1
572,572,DLS,0.5142857142857142,2.0,credit-g,0.5,0.0,0.98,40,1
573,573,DLS,0.5142857142857142,2.0,credit-g,0.5,0.0,0.98,40,1
574,574,DLS,0.4976190476190476,2.0,credit-g,0.5,0.0,0.97,40,1
575,575,DLS,0.5214285714285714,2.0,credit-g,0.5,0.0,0.97,40,1
576,576,DLS,0.5214285714285714,2.0,credit-g,0.5,0.0,0.97,40,1
577,577,DLS,0.5214285714285714,2.0,credit-g,0.5,0.0,0.97,40,1
578,578,DLS,0.5071428571428571,2.0,credit-g,0.5,0.0,0.99,40,1
579,579,DLS,0.5,2.0,credit-g,0.5,0.0,1.0,40,1
580,580,DUSM,0.5,0.0,credit-g,0.5,0.0,1.0,40,0
581,581,DUSM,0.5,0.0,credit-g,0.5,0.0,1.0,40,0
582,582,DUSM,0.5,0.0,credit-g,0.5,0.0,1.0,40,0
583,583,DUSM,0.5,0.0,credit-g,0.5,0.0,1.0,40,0
584,584,DUSM,0.5,0.0,credit-g,0.5,0.0,1.0,40,0
585,585,DUSM,0.5,0.0,credit-g,0.5,0.0,1.0,40,0
586,586,DUSM,0.5,0.0,credit-g,0.5,0.0,1.0,40,0
587,587,DUSM,0.5,0.0,credit-g,0.5,0.0,1.0,40,0
588,588,DUSM,0.5,0.0,credit-g,0.5,0.0,1.0,40,0
589,589,DUSM,0.5,0.0,credit-g,0.5,0.0,1.0,40,0
590,590,RUSM,0.5,0.0,credit-g,0.5,0.0,1.0,40,0
591,591,RUSM,0.5,0.0,credit-g,0.5,0.0,1.0,40,0
592,592,RUSM,0.5,0.0,credit-g,0.5,0.0,1.0,40,0
593,593,RUSM,0.5,0.0,credit-g,0.5,0.0,1.0,40,0
594,594,RUSM,0.5,0.0,credit-g,0.5,0.0,1.0,40,0
595,595,RUSM,0.5,0.0,credit-g,0.5,0.0,1.0,40,0
596,596,RUSM,0.5,0.0,credit-g,0.5,0.0,1.0,40,0
597,597,RUSM,0.5,0.0,credit-g,0.5,0.0,1.0,40,0
598,598,RUSM,0.5,0.0,credit-g,0.5,0.0,1.0,40,0
599,599,RUSM,0.5,0.0,credit-g,0.5,0.0,1.0,40,0
600,600,SLS,0.9818126181589024,1.9375,mushroom,1.0,0.08251332513325134,0.19188191881918812,40,16
601,601,SLS,0.9728234524213486,1.9333333333333331,mushroom,1.0,0.07808820945352317,0.2496924969249692,40,15
602,602,SLS,0.9810703378738668,2.0,mushroom,1.0,0.07512020574751205,0.22878228782287824,40,11
603,603,SLS,0.9716721605506812,2.0,mushroom,1.0,0.11771623210737613,0.2767527675276753,40,14
604,604,SLS,0.9247448979591836,1.8571428571428568,mushroom,1.0,0.12317694605517482,0.5904059040590406,40,7
605,605,SLS,0.9787586649861846,2.0,mushroom,1.0,0.06062203479177649,0.22140221402214025,40,7
606,606,SLS,0.977665526605148,2.0,mushroom,1.0,0.08222811671087529,0.229064039408867,40,14
607,607,SLS,0.9458723900589876,2.0,mushroom,1.0,0.09927476737821568,0.4396551724137932,40,9
608,608,SLS,0.9684265010351968,2.0,mushroom,1.0,0.08581997533908756,0.2848335388409371,40,6
609,609,SLS,0.9832572159298504,1.9230769230769231,mushroom,1.0,0.08346770368965191,0.2022194821208385,40,13
610,610,DLS,0.8147268408551069,2.0,mushroom,1.0,0.0,0.6740467404674046,40,1
611,611,DLS,0.7802850356294537,2.0,mushroom,1.0,0.0,0.7097170971709716,40,1
612,612,DLS,0.7826603325415677,2.0,mushroom,1.0,0.0,0.7072570725707257,40,1
613,613,DLS,0.7980997624703088,2.0,mushroom,1.0,0.0,0.6912669126691267,40,1
614,614,DLS,0.7731591448931117,2.0,mushroom,1.0,0.0,0.7170971709717098,40,1
615,615,DLS,0.8171021377672208,2.0,mushroom,1.0,0.0,0.6715867158671587,40,1
616,616,DLS,0.7909738717339667,2.0,mushroom,1.0,0.0,0.6982758620689655,40,1
617,617,DLS,0.7933491686460807,2.0,mushroom,1.0,0.0,0.6958128078817734,40,1
618,618,DLS,0.7976190476190477,2.0,mushroom,1.0,0.0,0.6917385943279901,40,1
619,619,DLS,0.8178571428571428,2.0,mushroom,1.0,0.0,0.6707768187422934,40,1
620,620,DUSM,0.5,0.0,mushroom,0.5,0.0,1.0,40,0
621,621,DUSM,0.5,0.0,mushroom,0.5,0.0,1.0,40,0
622,622,DUSM,0.5,0.0,mushroom,0.5,0.0,1.0,40,0
623,623,DUSM,0.5,0.0,mushroom,0.5,0.0,1.0,40,0
624,624,DUSM,0.5,0.0,mushroom,0.5,0.0,1.0,40,0
625,625,DUSM,0.5,0.0,mushroom,0.5,0.0,1.0,40,0
626,626,DUSM,0.5,0.0,mushroom,0.5,0.0,1.0,40,0
627,627,DUSM,0.5,0.0,mushroom,0.5,0.0,1.0,40,0
628,628,DUSM,0.5,0.0,mushroom,0.5,0.0,1.0,40,0
629,629,DUSM,0.5,0.0,mushroom,0.5,0.0,1.0,40,0
630,630,RUSM,0.5,0.0,mushroom,0.5,0.0,1.0,40,0
631,631,RUSM,0.5,0.0,mushroom,0.5,0.0,1.0,40,0
632,632,RUSM,0.5,0.0,mushroom,0.5,0.0,1.0,40,0
633,633,RUSM,0.5,0.0,mushroom,0.5,0.0,1.0,40,0
634,634,RUSM,0.5,0.0,mushroom,0.5,0.0,1.0,40,0
635,635,RUSM,0.5,0.0,mushroom,0.5,0.0,1.0,40,0
636,636,RUSM,0.5,0.0,mushroom,0.5,0.0,1.0,40,0
637,637,RUSM,0.5,0.0,mushroom,0.5,0.0,1.0,40,0
638,638,RUSM,0.5,0.0,mushroom,0.5,0.0,1.0,40,0
639,639,RUSM,0.5,0.0,mushroom,0.5,0.0,1.0,40,0
640,640,SLS,0.7112676056338028,2.0,sick,0.5,0.0771168145838331,0.604221635883905,40,12
641,641,SLS,0.6844755588307541,2.0,sick,0.5,0.06324786324786325,0.6100795755968169,40,10
642,642,SLS,0.7189265536723164,2.0,sick,0.5,0.05145268121674657,0.5888594164456233,40,19
643,643,SLS,0.7415254237288136,2.0,sick,0.5,0.06367598926582595,0.5464190981432361,40,19
644,644,SLS,0.6906779661016949,1.9230769230769231,sick,0.5,0.06682309732707611,0.6419098143236075,40,13
645,645,SLS,0.6596045197740112,2.0,sick,0.5,0.042735042735042736,0.7002652519893899,40,9
646,646,SLS,0.7033898305084746,2.0,sick,0.5,0.0608039175678433,0.6180371352785146,40,14
647,647,SLS,0.713276836158192,2.0,sick,0.5,0.04156586119450841,0.5994694960212201,40,14
648,648,SLS,0.7669491525423728,1.9444444444444444,sick,0.5,0.04949636795478581,0.4986737400530504,40,18
649,649,SLS,0.6680790960451977,1.9166666666666667,sick,0.5,0.0802186319427699,0.6843501326259946,40,12
650,650,DLS,0.5774647887323944,2.0,sick,0.5,0.0,0.8548812664907652,40,1
651,651,DLS,0.5889830508474576,2.0,sick,0.5,0.0,0.8328912466843501,40,1
652,652,DLS,0.5918079096045198,2.0,sick,0.5,0.0,0.8275862068965517,40,1
653,653,DLS,0.5734463276836158,2.0,sick,0.5,0.0,0.8620689655172413,40,1
654,654,DLS,0.6016949152542372,2.0,sick,0.5,0.0,0.8090185676392573,40,1
655,655,DLS,0.5847457627118644,2.0,sick,0.5,0.0,0.8408488063660478,40,1
656,656,DLS,0.6016949152542372,2.0,sick,0.5,0.0,0.8090185676392573,40,1
657,657,DLS,0.597457627118644,2.0,sick,0.5,0.0,0.8169761273209549,40,1
658,658,DLS,0.576271186440678,2.0,sick,0.5,0.0,0.8567639257294429,40,1
659,659,DLS,0.585605502333579,2.0,sick,0.5,0.0,0.7957559681697612,40,1
660,660,DUSM,0.5,0.0,sick,0.5,0.0,1.0,40,0
661,661,DUSM,0.5,0.0,sick,0.5,0.0,1.0,40,0
662,662,DUSM,0.5,0.0,sick,0.5,0.0,1.0,40,0
663,663,DUSM,0.5,0.0,sick,0.5,0.0,1.0,40,0
664,664,DUSM,0.5,0.0,sick,0.5,0.0,1.0,40,0
665,665,DUSM,0.5,0.0,sick,0.5,0.0,1.0,40,0
666,666,DUSM,0.5,0.0,sick,0.5,0.0,1.0,40,0
667,667,DUSM,0.5,0.0,sick,0.5,0.0,1.0,40,0
668,668,DUSM,0.5,0.0,sick,0.5,0.0,1.0,40,0
669,669,DUSM,0.5,0.0,sick,0.5,0.0,1.0,40,0
670,670,RUSM,0.5,0.0,sick,0.5,0.0,1.0,40,0
671,671,RUSM,0.5,0.0,sick,0.5,0.0,1.0,40,0
672,672,RUSM,0.5,0.0,sick,0.5,0.0,1.0,40,0
673,673,RUSM,0.5,0.0,sick,0.5,0.0,1.0,40,0
674,674,RUSM,0.5,0.0,sick,0.5,0.0,1.0,40,0
675,675,RUSM,0.5,0.0,sick,0.5,0.0,1.0,40,0
676,676,RUSM,0.5,0.0,sick,0.5,0.0,1.0,40,0
677,677,RUSM,0.5,0.0,sick,0.5,0.0,1.0,40,0
678,678,RUSM,0.5,0.0,sick,0.5,0.0,1.0,40,0
679,679,RUSM,0.5,0.0,sick,0.5,0.0,1.0,40,0
680,680,SLS,0.9866666666666668,2.7333333333333334,iris,1.0,0.02412698412698413,0.2,40,15
681,681,SLS,0.95,2.833333333333333,iris,1.0,0.027015250544662327,0.1333333333333333,40,18
682,682,SLS,0.95,2.583333333333333,iris,1.0,0.03939393939393941,0.0,40,12
683,683,SLS,0.9933333333333332,2.6666666666666665,iris,1.0,0.03555555555555556,0.1333333333333333,40,15
684,684,SLS,0.98,2.4,iris,1.0,0.038518518518518514,0.2666666666666667,40,10
685,685,SLS,0.9366666666666666,2.642857142857143,iris,1.0,0.032967032967032975,0.1333333333333333,40,14
686,686,SLS,0.8466666666666667,2.75,iris,1.0,0.03838383838383838,0.6,40,12
687,687,SLS,0.9866666666666668,2.6875,iris,1.0,0.0338888888888889,0.2,40,16
688,688,SLS,1.0,2.466666666666667,iris,1.0,0.03047619047619048,0.0,40,15
689,689,SLS,0.9499999999999998,2.769230769230769,iris,1.0,0.031623931623931616,0.1333333333333333,40,13
690,690,DLS,0.8333333333333334,1.0,iris,0.6666666666666666,0.0,0.6666666666666667,40,1
691,691,DLS,0.8333333333333334,1.0,iris,0.6666666666666666,0.0,0.6666666666666667,40,1
692,692,DLS,0.8333333333333334,1.0,iris,0.6666666666666666,0.0,0.6666666666666667,40,1
693,693,DLS,0.8333333333333334,1.0,iris,0.6666666666666666,0.0,0.6666666666666667,40,1
694,694,DLS,0.8333333333333334,1.0,iris,0.6666666666666666,0.0,0.6666666666666667,40,1
695,695,DLS,0.8333333333333334,1.0,iris,0.6666666666666666,0.0,0.6666666666666667,40,1
696,696,DLS,0.8333333333333334,1.0,iris,0.6666666666666666,0.0,0.6666666666666667,40,1
697,697,DLS,0.8333333333333334,1.0,iris,0.6666666666666666,0.0,0.6666666666666667,40,1
698,698,DLS,0.8333333333333334,1.0,iris,0.6666666666666666,0.0,0.6666666666666667,40,1
699,699,DLS,0.8333333333333334,1.0,iris,0.6666666666666666,0.0,0.6666666666666667,40,1
700,700,DUSM,0.5,0.0,iris,0.3333333333333333,0.0,1.0,40,0
701,701,DUSM,0.5,0.0,iris,0.3333333333333333,0.0,1.0,40,0
702,702,DUSM,0.5,0.0,iris,0.3333333333333333,0.0,1.0,40,0
703,703,DUSM,0.5,0.0,iris,0.3333333333333333,0.0,1.0,40,0
704,704,DUSM,0.5,0.0,iris,0.3333333333333333,0.0,1.0,40,0
705,705,DUSM,0.5,0.0,iris,0.3333333333333333,0.0,1.0,40,0
706,706,DUSM,0.5,0.0,iris,0.3333333333333333,0.0,1.0,40,0
707,707,DUSM,0.5,0.0,iris,0.3333333333333333,0.0,1.0,40,0
708,708,DUSM,0.5,0.0,iris,0.3333333333333333,0.0,1.0,40,0
709,709,DUSM,0.5,0.0,iris,0.3333333333333333,0.0,1.0,40,0
710,710,RUSM,0.5,0.0,iris,0.3333333333333333,0.0,1.0,40,0
711,711,RUSM,0.5,0.0,iris,0.3333333333333333,0.0,1.0,40,0
712,712,RUSM,0.5,0.0,iris,0.3333333333333333,0.0,1.0,40,0
713,713,RUSM,0.5,0.0,iris,0.3333333333333333,0.0,1.0,40,0
714,714,RUSM,0.5,0.0,iris,0.3333333333333333,0.0,1.0,40,0
715,715,RUSM,0.5,0.0,iris,0.3333333333333333,0.0,1.0,40,0
716,716,RUSM,0.5,0.0,iris,0.3333333333333333,0.0,1.0,40,0
717,717,RUSM,0.5,0.0,iris,0.3333333333333333,0.0,1.0,40,0
718,718,RUSM,0.5,0.0,iris,0.3333333333333333,0.0,1.0,40,0
719,719,RUSM,0.5,0.0,iris,0.3333333333333333,0.0,1.0,40,0
720,720,SLS,0.7746088334323628,2.0,lymph,0.5,0.013131313131313131,0.5,40,11
721,721,SLS,0.6354166666666667,2.0,lymph,1.0,0.008928571428571426,0.8571428571428572,40,16
722,722,SLS,0.7395833333333334,2.0,lymph,1.0,0.0007849293563579277,0.7142857142857143,40,14
723,723,SLS,0.6875,2.0,lymph,1.0,0.0025510204081632647,0.7857142857142857,40,8
724,724,SLS,0.6195987654320988,2.0,lymph,0.6666666666666666,0.012745098039215684,0.2666666666666667,40,17
725,725,SLS,0.75,1.9,lymph,1.0,0.0,0.7142857142857143,40,10
726,726,SLS,0.7083333333333333,2.0,lymph,1.0,0.001984126984126984,0.7857142857142857,40,9
727,727,SLS,0.6459435626102293,1.9411764705882355,lymph,0.6666666666666666,0.011274509803921568,0.33333333333333337,40,17
728,728,SLS,0.6369791666666667,2.0,lymph,0.5,0.006770833333333334,0.4375,40,16
729,729,SLS,0.75,1.95,lymph,1.0,0.004887218045112781,0.5,40,20
730,730,DLS,0.5929038281979458,2.0,lymph,0.5,0.0,0.8888888888888888,40,1
731,731,DLS,0.5833333333333333,2.0,lymph,1.0,0.0,0.9285714285714286,40,1
732,732,DLS,0.5833333333333333,2.0,lymph,1.0,0.0,0.9285714285714286,40,1
733,733,DLS,0.5833333333333333,2.0,lymph,1.0,0.0,0.9285714285714286,40,1
734,734,DLS,0.4603174603174603,2.0,lymph,0.6666666666666666,0.0,0.9333333333333332,40,1
735,735,DLS,0.5,2.0,lymph,0.5,0.0,1.0,40,1
736,736,DLS,0.5833333333333333,2.0,lymph,1.0,0.0,0.9285714285714286,40,1
737,737,DLS,0.5115740740740741,2.0,lymph,0.3333333333333333,0.0,0.8666666666666667,40,1
738,738,DLS,0.6145833333333334,2.0,lymph,0.5,0.0,0.75,40,1
739,739,DLS,0.5833333333333333,2.0,lymph,1.0,0.0,0.9285714285714286,40,1
740,740,DUSM,0.5,0.0,lymph,0.25,0.0,1.0,40,0
741,741,DUSM,0.5,0.0,lymph,0.5,0.0,1.0,40,0
742,742,DUSM,0.5,0.0,lymph,0.5,0.0,1.0,40,0
743,743,DUSM,0.5,0.0,lymph,0.5,0.0,1.0,40,0
744,744,DUSM,0.5,0.0,lymph,0.3333333333333333,0.0,1.0,40,0
745,745,DUSM,0.5,0.0,lymph,0.5,0.0,1.0,40,0
746,746,DUSM,0.5,0.0,lymph,0.5,0.0,1.0,40,0
747,747,DUSM,0.5,0.0,lymph,0.3333333333333333,0.0,1.0,40,0
748,748,DUSM,0.5,0.0,lymph,0.25,0.0,1.0,40,0
749,749,DUSM,0.5,0.0,lymph,0.5,0.0,1.0,40,0
750,750,RUSM,0.5,0.0,lymph,0.25,0.0,1.0,40,0
751,751,RUSM,0.5,0.0,lymph,0.5,0.0,1.0,40,0
752,752,RUSM,0.5,0.0,lymph,0.5,0.0,1.0,40,0
753,753,RUSM,0.5,0.0,lymph,0.5,0.0,1.0,40,0
754,754,RUSM,0.5,0.0,lymph,0.3333333333333333,0.0,1.0,40,0
755,755,RUSM,0.5,0.0,lymph,0.5,0.0,1.0,40,0
756,756,RUSM,0.5,0.0,lymph,0.5,0.0,1.0,40,0
757,757,RUSM,0.5,0.0,lymph,0.3333333333333333,0.0,1.0,40,0
758,758,RUSM,0.5,0.0,lymph,0.25,0.0,1.0,40,0
759,759,RUSM,0.5,0.0,lymph,0.5,0.0,1.0,40,0
760,760,SLS,0.5402308138527224,2.0,letter,0.2307692307692308,0.0013156242664439386,0.95926477893691,40,14
761,761,SLS,0.5244544480464329,2.0,letter,0.15384615384615385,0.0018460664583925018,0.9756461232604374,40,8
762,762,SLS,0.5326894148508268,1.9090909090909087,letter,0.19230769230769232,0.0018069824039973301,0.9671641791044776,40,22
763,763,SLS,0.5361887210798095,1.9333333333333331,letter,0.19230769230769232,0.0017061115863511074,0.9630738522954092,40,15
764,764,SLS,0.5290505283645499,1.9230769230769231,letter,0.15384615384615385,0.002639705788131575,0.9710144927536232,40,13
765,765,SLS,0.5415389604854639,2.0,letter,0.19230769230769232,0.0018351685018351688,0.9574574574574576,40,13
766,766,SLS,0.5358054302539019,2.0,letter,0.2307692307692308,0.0011749534317237425,0.9638916750250752,40,15
767,767,SLS,0.5311172907021757,1.9333333333333331,letter,0.15384615384615385,0.0019171925798431824,0.9688755020080322,40,15
768,768,SLS,0.5231803510656386,1.8461538461538465,letter,0.15384615384615385,0.0032292996093901067,0.976872800402212,40,13
769,769,SLS,0.5324481711639968,1.9230769230769231,letter,0.19230769230769232,0.0011807518098408886,0.9672873678912934,40,13
770,770,DLS,0.5129515954746715,2.0,letter,0.07692307692307693,0.0,0.9870839542970692,40,1
771,771,DLS,0.5100310574095099,2.0,letter,0.07692307692307693,0.0,0.9900596421471172,40,1
772,772,DLS,0.511541394508297,2.0,letter,0.07692307692307693,0.0,0.9885572139303482,40,1
773,773,DLS,0.5130661269113787,2.0,letter,0.07692307692307693,0.0,0.9870259481037924,40,1
774,774,DLS,0.5140816722881965,2.0,letter,0.07692307692307693,0.0,0.9860069965017492,40,1
775,775,DLS,0.5155888358527174,2.0,letter,0.07692307692307693,0.0,0.983983983983984,40,1
776,776,DLS,0.5151137801997909,2.0,letter,0.07692307692307693,0.0,0.9849548645937812,40,1
777,777,DLS,0.5115930129136278,2.0,letter,0.07692307692307693,0.0,0.988453815261044,40,1
778,778,DLS,0.5116017071624965,2.0,letter,0.07692307692307693,0.0,0.988436400201106,40,1
779,779,DLS,0.5105981683701706,2.0,letter,0.07692307692307693,0.0,0.9894313034725716,40,1
780,780,DUSM,0.5,0.0,letter,0.038461538461538464,0.0,1.0,40,0
781,781,DUSM,0.5,0.0,letter,0.038461538461538464,0.0,1.0,40,0
782,782,DUSM,0.5,0.0,letter,0.038461538461538464,0.0,1.0,40,0
783,783,DUSM,0.5,0.0,letter,0.038461538461538464,0.0,1.0,40,0
784,784,DUSM,0.5,0.0,letter,0.038461538461538464,0.0,1.0,40,0
785,785,DUSM,0.5,0.0,letter,0.038461538461538464,0.0,1.0,40,0
786,786,DUSM,0.5,0.0,letter,0.038461538461538464,0.0,1.0,40,0
787,787,DUSM,0.5,0.0,letter,0.038461538461538464,0.0,1.0,40,0
788,788,DUSM,0.5,0.0,letter,0.038461538461538464,0.0,1.0,40,0
789,789,DUSM,0.5,0.0,letter,0.038461538461538464,0.0,1.0,40,0
790,790,RUSM,0.5,0.0,letter,0.038461538461538464,0.0,1.0,40,0
791,791,RUSM,0.5,0.0,letter,0.038461538461538464,0.0,1.0,40,0
792,792,RUSM,0.5,0.0,letter,0.038461538461538464,0.0,1.0,40,0
793,793,RUSM,0.5,0.0,letter,0.038461538461538464,0.0,1.0,40,0
794,794,RUSM,0.5,0.0,letter,0.038461538461538464,0.0,1.0,40,0
795,795,RUSM,0.5,0.0,letter,0.038461538461538464,0.0,1.0,40,0
796,796,RUSM,0.5,0.0,letter,0.038461538461538464,0.0,1.0,40,0
797,797,RUSM,0.5,0.0,letter,0.038461538461538464,0.0,1.0,40,0
798,798,RUSM,0.5,0.0,letter,0.038461538461538464,0.0,1.0,40,0
799,799,RUSM,0.5,0.0,letter,0.038461538461538464,0.0,1.0,40,0
800,800,SLS,0.6518891734585697,1.9090909090909087,hypothyroid,0.3333333333333333,0.04029743343727511,0.712401055408971,40,11
801,801,SLS,0.7738855199960541,2.0,hypothyroid,0.3333333333333333,0.034979423868312765,0.4814814814814815,40,18
802,802,SLS,0.5977546485249261,1.9090909090909087,hypothyroid,0.25,0.04605420964260014,0.8126649076517151,40,11
803,803,SLS,0.7738855199960541,2.0,hypothyroid,0.3333333333333333,0.035064935064935084,0.4814814814814815,40,11
804,804,SLS,0.9293730115112832,1.9230769230769231,hypothyroid,0.3333333333333333,0.03574100523702644,0.18567639257294435,40,13
805,805,SLS,0.9115744860379555,1.9230769230769231,hypothyroid,0.3333333333333333,0.05322558647026728,0.21808510638297876,40,13
806,806,SLS,0.9325731843051982,2.0,hypothyroid,0.3333333333333333,0.038322050290135384,0.17819148936170215,40,12
807,807,SLS,0.8324581881953649,1.7777777777777777,hypothyroid,0.5,0.07301797819039202,0.1114058355437666,40,9
808,808,SLS,0.7209152424228963,2.0,hypothyroid,0.3333333333333333,0.04125750136388432,0.5505319148936171,40,13
809,809,SLS,0.9479722297011758,1.9333333333333331,hypothyroid,0.3333333333333333,0.04133738601823707,0.14893617021276595,40,15
810,810,DLS,0.8121392188506386,2.0,hypothyroid,0.3333333333333333,0.0,0.40897097625329815,40,1
811,811,DLS,0.7990382718324264,2.0,hypothyroid,0.3333333333333333,0.0,0.433862433862434,40,1
812,812,DLS,0.8056553798948394,2.0,hypothyroid,0.25,0.0,0.4142480211081795,40,1
813,813,DLS,0.832575274280923,2.0,hypothyroid,0.3333333333333333,0.0,0.3703703703703705,40,1
814,814,DLS,0.8216801063439582,2.0,hypothyroid,0.3333333333333333,0.0,0.3899204244031831,40,1
815,815,DLS,0.8457785648005952,2.0,hypothyroid,0.3333333333333333,0.0,0.34308510638297873,40,1
816,816,DLS,0.8247798665333527,2.0,hypothyroid,0.3333333333333333,0.0,0.3829787234042553,40,1
817,817,DLS,0.8103705380349466,2.0,hypothyroid,0.25,0.0,0.15384615384615385,40,1
818,818,DLS,0.8191802136620879,2.0,hypothyroid,0.3333333333333333,0.0,0.3936170212765958,40,1
819,819,DLS,0.8093808211373746,2.0,hypothyroid,0.3333333333333333,0.0,0.4122340425531915,40,1
820,820,DUSM,0.5,0.0,hypothyroid,0.3333333333333333,0.0,1.0,40,0
821,821,DUSM,0.5,0.0,hypothyroid,0.3333333333333333,0.0,1.0,40,0
822,822,DUSM,0.5,0.0,hypothyroid,0.25,0.0,1.0,40,0
823,823,DUSM,0.5,0.0,hypothyroid,0.3333333333333333,0.0,1.0,40,0
824,824,DUSM,0.5,0.0,hypothyroid,0.3333333333333333,0.0,1.0,40,0
825,825,DUSM,0.5,0.0,hypothyroid,0.3333333333333333,0.0,1.0,40,0
826,826,DUSM,0.5,0.0,hypothyroid,0.3333333333333333,0.0,1.0,40,0
827,827,DUSM,0.5,0.0,hypothyroid,0.25,0.0,1.0,40,0
828,828,DUSM,0.5,0.0,hypothyroid,0.3333333333333333,0.0,1.0,40,0
829,829,DUSM,0.5,0.0,hypothyroid,0.3333333333333333,0.0,1.0,40,0
830,830,RUSM,0.8121392188506386,2.0,hypothyroid,0.3333333333333333,0.0,0.40897097625329815,40,1
831,831,RUSM,0.5,0.0,hypothyroid,0.3333333333333333,0.0,1.0,40,0
832,832,RUSM,0.5,0.0,hypothyroid,0.25,0.0,1.0,40,0
833,833,RUSM,0.5,0.0,hypothyroid,0.3333333333333333,0.0,1.0,40,0
834,834,RUSM,0.8216801063439582,2.0,hypothyroid,0.3333333333333333,0.0,0.3899204244031831,40,1
835,835,RUSM,0.5,0.0,hypothyroid,0.3333333333333333,0.0,1.0,40,0
836,836,RUSM,0.5,0.0,hypothyroid,0.3333333333333333,0.0,1.0,40,0
837,837,RUSM,0.5,0.0,hypothyroid,0.25,0.0,1.0,40,0
838,838,RUSM,0.8191802136620879,2.0,hypothyroid,0.3333333333333333,0.0,0.3936170212765958,40,1
839,839,RUSM,0.8093808211373746,2.0,hypothyroid,0.3333333333333333,0.0,0.4122340425531915,40,1
840,840,SLS,0.5681818181818182,2.0,vowel,0.3636363636363637,0.001942501942501943,0.9191919191919192,40,13
841,841,SLS,0.5977553310886644,1.9230769230769231,vowel,0.3636363636363637,0.001554001554001554,0.898989898989899,40,13
842,842,SLS,0.5500561167227833,2.0,vowel,0.2727272727272727,0.00308641975308642,0.9494949494949496,40,9
843,843,SLS,0.5983164983164984,2.0,vowel,0.3636363636363637,0.00489745944291399,0.898989898989899,40,12
844,844,SLS,0.5600448933782267,2.0,vowel,0.3636363636363637,0.002525252525252525,0.9393939393939394,40,8
845,845,SLS,0.6161616161616161,2.0,vowel,0.4545454545454545,0.002331002331002332,0.8787878787878788,40,14
846,846,SLS,0.5937710437710436,1.9230769230769231,vowel,0.2727272727272727,0.008417508417508416,0.8484848484848485,40,13
847,847,SLS,0.5943322109988776,2.0,vowel,0.4545454545454545,0.0007652280379553107,0.8787878787878788,40,12
848,848,SLS,0.5886644219977554,2.0,vowel,0.3636363636363637,0.0028860028860028873,0.9090909090909092,40,15
849,849,SLS,0.5606060606060606,2.0,vowel,0.18181818181818185,0.0065095398428731775,0.9393939393939394,40,10
850,850,DLS,0.5292929292929291,1.0,vowel,0.18181818181818185,0.0,0.9595959595959596,40,1
851,851,DLS,0.5505050505050505,1.0,vowel,0.18181818181818185,0.0,0.9494949494949496,40,1
852,852,DLS,0.5404040404040403,1.0,vowel,0.18181818181818185,0.0,0.9595959595959596,40,1
853,853,DLS,0.5606060606060606,1.0,vowel,0.18181818181818185,0.0,0.9393939393939394,40,1
854,854,DLS,0.5505050505050505,1.0,vowel,0.18181818181818185,0.0,0.9494949494949496,40,1
855,855,DLS,0.5505050505050505,1.0,vowel,0.18181818181818185,0.0,0.9494949494949496,40,1
856,856,DLS,0.5606060606060606,1.0,vowel,0.18181818181818185,0.0,0.9393939393939394,40,1
857,857,DLS,0.5303030303030303,1.0,vowel,0.18181818181818185,0.0,0.9696969696969696,40,1
858,858,DLS,0.5404040404040403,1.0,vowel,0.18181818181818185,0.0,0.9595959595959596,40,1
859,859,DLS,0.5606060606060606,1.0,vowel,0.18181818181818185,0.0,0.9393939393939394,40,1
860,860,DUSM,0.5,0.0,vowel,0.09090909090909093,0.0,1.0,40,0
861,861,DUSM,0.5,0.0,vowel,0.09090909090909093,0.0,1.0,40,0
862,862,DUSM,0.5,0.0,vowel,0.09090909090909093,0.0,1.0,40,0
863,863,DUSM,0.5,0.0,vowel,0.09090909090909093,0.0,1.0,40,0
864,864,DUSM,0.5,0.0,vowel,0.09090909090909093,0.0,1.0,40,0
865,865,DUSM,0.5,0.0,vowel,0.09090909090909093,0.0,1.0,40,0
866,866,DUSM,0.5,0.0,vowel,0.09090909090909093,0.0,1.0,40,0
867,867,DUSM,0.5,0.0,vowel,0.09090909090909093,0.0,1.0,40,0
868,868,DUSM,0.5,0.0,vowel,0.09090909090909093,0.0,1.0,40,0
869,869,DUSM,0.5,0.0,vowel,0.09090909090909093,0.0,1.0,40,0
870,870,RUSM,0.5,0.0,vowel,0.09090909090909093,0.0,1.0,40,0
871,871,RUSM,0.5,0.0,vowel,0.09090909090909093,0.0,1.0,40,0
872,872,RUSM,0.5,0.0,vowel,0.09090909090909093,0.0,1.0,40,0
873,873,RUSM,0.5,0.0,vowel,0.09090909090909093,0.0,1.0,40,0
874,874,RUSM,0.5,0.0,vowel,0.09090909090909093,0.0,1.0,40,0
875,875,RUSM,0.5,0.0,vowel,0.09090909090909093,0.0,1.0,40,0
876,876,RUSM,0.5,0.0,vowel,0.09090909090909093,0.0,1.0,40,0
877,877,RUSM,0.5,0.0,vowel,0.09090909090909093,0.0,1.0,40,0
878,878,RUSM,0.5,0.0,vowel,0.09090909090909093,0.0,1.0,40,0
879,879,RUSM,0.5,0.0,vowel,0.09090909090909093,0.0,1.0,40,0
0,0,pyARC,0.9333333333333332,1.5,iris,1.0,0.0,0.4666666666666667,20,2
1,1,pyARC,0.9666666666666668,1.6666666666666667,iris,1.0,0.04444444444444444,0.4,20,3
2,2,pyARC,0.95,1.3333333333333333,iris,1.0,0.0,0.0,20,3
3,3,pyARC,0.9666666666666668,1.5,iris,1.0,0.0,0.4,20,2
4,4,pyARC,0.9666666666666668,1.5,iris,1.0,0.0,0.4,20,2
5,5,pyARC,0.9166666666666666,1.0,iris,1.0,0.0,0.33333333333333337,20,2
6,6,pyARC,0.8333333333333334,1.0,iris,0.6666666666666666,0.0,0.6666666666666667,20,1
7,7,pyARC,0.9666666666666668,1.3333333333333333,iris,1.0,0.04444444444444444,0.4,20,3
8,8,pyARC,1.0,1.3333333333333333,iris,1.0,0.02222222222222222,0.33333333333333337,20,3
9,9,pyARC,1.0,1.6666666666666667,iris,1.0,0.0,0.2666666666666667,20,3
10,10,pyARC,0.8355261296437766,2.0,lymph,0.5,0.004273504273504274,0.38888888888888895,20,13
11,11,pyARC,0.9375,1.9285714285714288,lymph,1.0,0.0031397174254317113,0.3571428571428572,20,14
12,12,pyARC,0.7916666666666667,1.9166666666666667,lymph,1.0,0.0021645021645021645,0.6428571428571429,20,12
13,13,pyARC,0.8958333333333334,1.9230769230769231,lymph,1.0,0.0036630036630036634,0.5,20,13
14,14,pyARC,0.6466049382716049,2.0,lymph,0.6666666666666666,0.017171717171717168,0.2,20,12
15,15,pyARC,0.84375,1.9166666666666667,lymph,1.0,0.02056277056277056,0.5714285714285714,20,12
16,16,pyARC,0.875,1.9333333333333331,lymph,1.0,0.004081632653061224,0.2857142857142858,20,15
17,17,pyARC,0.8220899470899471,1.9230769230769231,lymph,0.6666666666666666,0.02735042735042735,0.4,20,13
18,18,pyARC,0.6369791666666667,2.0,lymph,0.5,0.017045454545454544,0.4375,20,12
19,19,pyARC,0.7604166666666667,2.0,lymph,1.0,0.011688311688311687,0.5,20,11
20,20,pyARC,0.6840456755749111,2.0,anneal,0.2,0.0,0.6703296703296703,20,1
21,21,pyARC,0.6710073801271821,2.0,anneal,0.25,0.0,0.7,20,1
22,22,pyARC,0.6472365404599287,2.0,anneal,0.2,0.0,0.7362637362637363,20,1
23,23,pyARC,0.6840456755749111,2.0,anneal,0.2,0.0,0.6703296703296703,20,1
24,24,pyARC,0.6490830491766788,2.0,anneal,0.2,0.0,0.7333333333333334,20,1
25,25,pyARC,0.7112009863336282,2.0,anneal,0.2,0.0,0.6222222222222222,20,1
26,26,pyARC,0.6987773989022383,2.0,anneal,0.2,0.0,0.6444444444444444,20,1
27,27,pyARC,0.6375894194798554,2.0,anneal,0.2,0.0,0.7528089887640451,20,1
28,28,pyARC,0.6613321219669857,2.0,anneal,0.25,0.0,0.7159090909090908,20,1
29,29,pyARC,0.6825789160987025,2.0,anneal,0.2,0.0,0.6704545454545454,20,1
30,30,pyARC,0.5774647887323944,2.0,sick,0.5,0.0,0.8548812664907652,20,1
31,31,pyARC,0.5889830508474576,2.0,sick,0.5,0.0,0.8328912466843501,20,1
32,32,pyARC,0.5918079096045198,2.0,sick,0.5,0.0,0.8275862068965517,20,1
33,33,pyARC,0.5734463276836158,2.0,sick,0.5,0.0,0.8620689655172413,20,1
34,34,pyARC,0.6016949152542372,2.0,sick,0.5,0.0,0.8090185676392573,20,1
35,35,pyARC,0.5847457627118644,2.0,sick,0.5,0.0,0.8408488063660478,20,1
36,36,pyARC,0.6016949152542372,2.0,sick,0.5,0.0,0.8090185676392573,20,1
37,37,pyARC,0.597457627118644,2.0,sick,0.5,0.0,0.8169761273209549,20,1
38,38,pyARC,0.576271186440678,2.0,sick,0.5,0.0,0.8567639257294429,20,1
39,39,pyARC,0.585605502333579,2.0,sick,0.5,0.0,0.7957559681697612,20,1
40,40,pyARC,0.6234848484848484,2.5,glass,0.3333333333333333,0.13043478260869565,0.8260869565217391,20,4
41,41,pyARC,0.7301857864357864,2.5,glass,0.6666666666666666,0.011594202898550723,0.6956521739130435,20,6
42,42,pyARC,0.6005321067821069,2.75,glass,0.3333333333333333,0.050724637681159424,0.9130434782608696,20,4
43,43,pyARC,0.6027777777777777,2.75,glass,0.3333333333333333,0.09090909090909093,0.9090909090909092,20,4
44,44,pyARC,0.6559314954051797,2.5,glass,0.3333333333333333,0.030303030303030307,0.8181818181818181,20,4
45,45,pyARC,0.6541666666666666,2.75,glass,0.3333333333333333,0.09090909090909093,0.8636363636363636,20,4
46,46,pyARC,0.5896999443052074,2.6666666666666665,glass,0.3333333333333333,0.07936507936507936,0.8095238095238095,20,3
47,47,pyARC,0.6075123706702653,2.5,glass,0.5,0.05,0.9,20,4
48,48,pyARC,0.5946257045328253,2.6,glass,0.3333333333333333,0.115,0.8,20,5
49,49,pyARC,0.6169141520244461,2.6666666666666665,glass,0.8,0.022222222222222227,0.8888888888888888,20,6
50,50,pyARC,0.5,2.95,balance-scale,0.6666666666666666,0.0,1.0,20,20
51,51,pyARC,0.5,2.8571428571428568,balance-scale,0.6666666666666666,0.0,1.0,20,14
52,52,pyARC,0.5,2.8823529411764706,balance-scale,0.6666666666666666,0.0,1.0,20,17
53,53,pyARC,0.5,3.0,balance-scale,0.6666666666666666,0.0,1.0,20,20
54,54,pyARC,0.5,2.9,balance-scale,0.6666666666666666,0.0,1.0,20,20
55,55,pyARC,0.5,2.8461538461538463,balance-scale,0.6666666666666666,0.0,1.0,20,13
56,56,pyARC,0.5,3.0,balance-scale,0.6666666666666666,0.0,1.0,20,20
57,57,pyARC,0.5,3.0,balance-scale,0.6666666666666666,0.0,1.0,20,19
58,58,pyARC,0.5,2.8947368421052637,balance-scale,0.6666666666666666,0.0,1.0,20,19
59,59,pyARC,0.5,2.9,balance-scale,0.6666666666666666,0.0,1.0,20,20
